Log_Lifetime_Value,Engagement_Score,Total_Interactions,Interaction_FeatureUsage_LastEngagement,Last_Engagement_Days,Revenue,Review_Count,user_id,T,E
1.0,0.5588235294117647,0.4567404426559356,0.0,0.9553072625698324,0.0453781512605042,0.6938775510204082,10,1001,5,1
0.6666666666666666,0.4375,0.2515090543259557,0.1067415730337078,0.5307262569832403,0.2285714285714286,0.3673469387755101,1002,25,0
0.8333333333333333,0.3602941176470588,0.4185110663983903,0.5595505617977529,0.9273743016759776,0.7092436974789916,0.20408163265306121003,40,1
0.8333333333333333,0.1801470588235293,0.1468812877263581,0.3910112359550562,0.4860335195530726,0.2033613445378151,0.2040816326530612,1004,60,0
0.6666666666666666,0.3125,0.2293762575452716,0.5258426966292136,0.8715083798882682,0.2050420168067227,0.2040816326530612,1005,75,1

